{
  "schema": "0216-put-overhead/v1",
  "recorded": "2026-04-17T16:17:47.093Z",
  "node": "v22.22.0",
  "N": 2000000,
  "trials": 7,
  "budget": 0.005,
  "base_ms": [
    184.6404,
    206.483164,
    200.719448,
    201.553572,
    199.515099,
    197.644778,
    201.522701
  ],
  "side_ms": [
    208.515093,
    204.740647,
    205.423509,
    195.18198,
    207.943614,
    211.862448,
    206.155008
  ],
  "base_median_ms": 200.719448,
  "side_median_ms": 206.155008,
  "delta_frac": 0.02708038535458711,
  "within_budget": false
}