{
  "schema": "0216-baseline/v1",
  "commit": "18d8add2ed883279dec40c03c99551aecf83aafe",
  "shortSha": "18d8add",
  "subject": "perf(0216-phase4): pool-disjoint metavar invariant eliminates rename (idea B)",
  "iterations": 20,
  "recorded": "2026-04-17T16:38:17.817Z",
  "node": "v22.22.0",
  "results": {
    "load.multisig_nocall_solc_symbolic": {
      "mean": 30.8196656,
      "p50": 29.754848999999922,
      "p95": 40.21260700000002,
      "min": 26.355621000000042,
      "max": 45.947378999999984,
      "n": 20
    },
    "load.multisig_nocall_solc": {
      "mean": 27.358470850000003,
      "p50": 26.42366100000004,
      "p95": 31.61565100000007,
      "min": 25.11521000000016,
      "max": 32.52005899999995,
      "n": 20
    },
    "load.multisig": {
      "mean": 27.54610865000002,
      "p50": 26.96172999999999,
      "p95": 31.011504999999943,
      "min": 25.420840000000226,
      "max": 34.39763599999992,
      "n": 20
    },
    "explore.solc_symbolic": {
      "mean": 3.445134900000016,
      "p50": 3.01610299999993,
      "p95": 5.341698999999835,
      "min": 2.235356000000138,
      "max": 8.578856000000087,
      "n": 20
    }
  }
}