{
  "schema": "0216-baseline/v1",
  "commit": "44b9fb0654556161b3b9f09046e766f03b4c1f54",
  "shortSha": "44b9fb0",
  "subject": "TODO_0216 Phase 0 — safety harness (H1-H11)",
  "iterations": 3,
  "recorded": "2026-04-17T16:17:35.217Z",
  "node": "v22.22.0",
  "results": {
    "load.multisig_nocall_solc_symbolic": {
      "mean": 41.02876466666667,
      "p50": 40.440414000000004,
      "p95": 40.440414000000004,
      "min": 32.787104,
      "max": 49.858776000000006,
      "n": 3
    },
    "load.multisig_nocall_solc": {
      "mean": 34.22395933333333,
      "p50": 31.319924000000015,
      "p95": 31.319924000000015,
      "min": 28.43646000000001,
      "max": 42.91549399999997,
      "n": 3
    },
    "load.multisig": {
      "mean": 32.669587666666665,
      "p50": 30.075001000000043,
      "p95": 30.075001000000043,
      "min": 29.63285099999996,
      "max": 38.300910999999985,
      "n": 3
    },
    "explore.solc_symbolic": {
      "mean": 5.445185333333332,
      "p50": 5.633351999999945,
      "p95": 5.633351999999945,
      "min": 4.480235999999991,
      "max": 6.221968000000061,
      "n": 3
    }
  }
}