{
  "schema": "0216-baseline/v1",
  "commit": "92dd11e7b378c5dd5bff392a5c65044caa15fbef",
  "shortSha": "92dd11e",
  "subject": "perf(backchain): O(dirty) _mvSlots cleanup instead of full 16 MB fill",
  "iterations": 3,
  "recorded": "2026-04-17T15:49:33.140Z",
  "node": "v22.22.0",
  "results": {
    "load.multisig_nocall_solc_symbolic": {
      "mean": 38.29399566666668,
      "p50": 37.99700200000001,
      "p95": 37.99700200000001,
      "min": 31.940846000000022,
      "max": 44.94413900000001,
      "n": 3
    },
    "load.multisig_nocall_solc": {
      "mean": 31.03421099999999,
      "p50": 31.02437299999997,
      "p95": 31.02437299999997,
      "min": 29.369313999999974,
      "max": 32.708946000000026,
      "n": 3
    },
    "load.multisig": {
      "mean": 31.433488666666676,
      "p50": 28.179843000000005,
      "p95": 28.179843000000005,
      "min": 27.013191000000006,
      "max": 39.10743200000002,
      "n": 3
    },
    "explore.solc_symbolic": {
      "mean": 5.666001666666641,
      "p50": 5.2898870000000215,
      "p95": 5.2898870000000215,
      "min": 4.546256999999969,
      "max": 7.161860999999931,
      "n": 3
    }
  }
}