{
  "schema": "0216-put-overhead/v1",
  "recorded": "2026-04-17T15:46:10.857Z",
  "node": "v22.22.0",
  "N": 2000000,
  "trials": 7,
  "budget": 0.005,
  "base_ms": [
    187.813215,
    241.228504,
    215.064417,
    216.557749,
    216.06844,
    224.149131,
    216.708556
  ],
  "side_ms": [
    223.222918,
    216.669018,
    216.442743,
    215.417698,
    214.194452,
    215.327914,
    219.638391
  ],
  "base_median_ms": 216.557749,
  "side_median_ms": 216.442743,
  "delta_frac": -0.0005310638872589775,
  "within_budget": true
}