{
  "schema": "0216-baseline/v1",
  "commit": "44b9fb0654556161b3b9f09046e766f03b4c1f54",
  "shortSha": "44b9fb0",
  "subject": "TODO_0216 Phase 0 — safety harness (H1-H11)",
  "iterations": 3,
  "recorded": "2026-04-17T16:17:30.727Z",
  "node": "v22.22.0",
  "results": {
    "load.multisig_nocall_solc_symbolic": {
      "mean": 40.85802133333332,
      "p50": 42.60346499999997,
      "p95": 42.60346499999997,
      "min": 33.239127999999994,
      "max": 46.731471,
      "n": 3
    },
    "load.multisig_nocall_solc": {
      "mean": 33.30138766666666,
      "p50": 31.907419000000004,
      "p95": 31.907419000000004,
      "min": 28.465805999999986,
      "max": 39.53093799999999,
      "n": 3
    },
    "load.multisig": {
      "mean": 32.907418333333304,
      "p50": 31.77511299999992,
      "p95": 31.77511299999992,
      "min": 30.57601299999999,
      "max": 36.371128999999996,
      "n": 3
    },
    "explore.solc_symbolic": {
      "mean": 6.310666000000007,
      "p50": 5.480092000000013,
      "p95": 5.480092000000013,
      "min": 4.4196190000000115,
      "max": 9.032286999999997,
      "n": 3
    }
  }
}