{
  "schema": "0216-baseline/v1",
  "commit": "a27dd1df692d3928499b0437b349add438729e98",
  "shortSha": "a27dd1d",
  "subject": "perf(0216-phase1): ground-bit side-table + apply() short-circuit (idea D)",
  "iterations": 3,
  "recorded": "2026-04-17T16:20:20.880Z",
  "node": "v22.22.0",
  "results": {
    "load.multisig_nocall_solc_symbolic": {
      "mean": 47.065382666666665,
      "p50": 45.419483000000014,
      "p95": 45.419483000000014,
      "min": 36.13534299999998,
      "max": 59.641322,
      "n": 3
    },
    "load.multisig_nocall_solc": {
      "mean": 39.527504666666665,
      "p50": 36.20670799999999,
      "p95": 36.20670799999999,
      "min": 29.702166000000034,
      "max": 52.67363999999998,
      "n": 3
    },
    "load.multisig": {
      "mean": 37.10479899999999,
      "p50": 35.27112999999997,
      "p95": 35.27112999999997,
      "min": 33.128318000000036,
      "max": 42.91494899999998,
      "n": 3
    },
    "explore.solc_symbolic": {
      "mean": 7.931009000000017,
      "p50": 6.389042000000018,
      "p95": 6.389042000000018,
      "min": 5.903112999999962,
      "max": 11.500872000000072,
      "n": 3
    }
  }
}