{
  "timestamp": "2026-02-01T21:10:21.996Z",
  "results": {
    "proof.identity": {
      "mean": 0.08424049999999852,
      "min": 0.04793699999999035,
      "max": 0.3485949999999889,
      "p50": 0.05160800000001586,
      "p95": 0.3485949999999889,
      "p99": 0.3485949999999889,
      "iterations": 20
    },
    "proof.identity_var": {
      "mean": 0.08123254999999716,
      "min": 0.06194199999998773,
      "max": 0.2935939999999846,
      "p50": 0.06778800000000729,
      "p95": 0.2935939999999846,
      "p99": 0.2935939999999846,
      "iterations": 20
    },
    "proof.modus_ponens": {
      "mean": 0.27678269999999544,
      "min": 0.2121479999999849,
      "max": 0.6229920000000106,
      "p50": 0.25074599999999236,
      "p95": 0.6229920000000106,
      "p99": 0.6229920000000106,
      "iterations": 20
    },
    "proof.tensor_id": {
      "mean": 0.3315778999999964,
      "min": 0.27482200000000034,
      "max": 0.7641979999999933,
      "p50": 0.30201899999997295,
      "p95": 0.7641979999999933,
      "p99": 0.7641979999999933,
      "iterations": 20
    },
    "proof.tensor_comm": {
      "mean": 0.26016139999999977,
      "min": 0.22410999999999603,
      "max": 0.6048949999999991,
      "p50": 0.23941899999999805,
      "p95": 0.6048949999999991,
      "p99": 0.6048949999999991,
      "iterations": 20
    },
    "proof.tensor_assoc": {
      "mean": 0.43868125000000335,
      "min": 0.35301800000002004,
      "max": 0.8092730000000188,
      "p50": 0.38229599999999664,
      "p95": 0.8092730000000188,
      "p99": 0.8092730000000188,
      "iterations": 20
    },
    "proof.with_elim_l": {
      "mean": 0.1501521000000025,
      "min": 0.11114700000001676,
      "max": 0.2889340000000118,
      "p50": 0.14527999999998542,
      "p95": 0.2889340000000118,
      "p99": 0.2889340000000118,
      "iterations": 20
    },
    "proof.with_elim_r": {
      "mean": 0.35654055000000967,
      "min": 0.19982499999997572,
      "max": 0.737352000000044,
      "p50": 0.3917470000000094,
      "p95": 0.737352000000044,
      "p99": 0.737352000000044,
      "iterations": 20
    },
    "proof.with_intro": {
      "mean": 0.14050895000000593,
      "min": 0.09579500000000962,
      "max": 0.31201200000003837,
      "p50": 0.11852699999997185,
      "p95": 0.31201200000003837,
      "p99": 0.31201200000003837,
      "iterations": 20
    },
    "proof.currying": {
      "mean": 0.41486065000000283,
      "min": 0.35306200000002264,
      "max": 0.7467780000000062,
      "p50": 0.3914570000000026,
      "p95": 0.7467780000000062,
      "p99": 0.7467780000000062,
      "iterations": 20
    },
    "proof.uncurrying": {
      "mean": 0.509820899999994,
      "min": 0.4259179999999674,
      "max": 0.8326829999999745,
      "p50": 0.476257999999973,
      "p95": 0.8326829999999745,
      "p99": 0.8326829999999745,
      "iterations": 20
    },
    "proof.distribution": {
      "mean": 0.7411761999999925,
      "min": 0.6624459999999885,
      "max": 0.9798229999999535,
      "p50": 0.6935599999999909,
      "p95": 0.9798229999999535,
      "p99": 0.9798229999999535,
      "iterations": 20
    },
    "proof.tensor_with": {
      "mean": 1.4805158500000062,
      "min": 1.2849459999999908,
      "max": 1.9216599999999744,
      "p50": 1.4026250000000005,
      "p95": 1.9216599999999744,
      "p99": 1.9216599999999744,
      "iterations": 20
    },
    "proof.deep_loli": {
      "mean": 0.7712693500000001,
      "min": 0.635172999999952,
      "max": 1.068552000000011,
      "p50": 0.725558000000035,
      "p95": 1.068552000000011,
      "p99": 1.068552000000011,
      "iterations": 20
    },
    "proof.nested_with": {
      "mean": 0.7797696499999944,
      "min": 0.6383779999999888,
      "max": 1.203786999999977,
      "p50": 0.7089879999999766,
      "p95": 1.203786999999977,
      "p99": 1.203786999999977,
      "iterations": 20
    },
    "proof.many_tensor": {
      "mean": 0.6133170000000092,
      "min": 0.49803100000002587,
      "max": 0.8792590000000473,
      "p50": 0.5757330000000138,
      "p95": 0.8792590000000473,
      "p99": 0.8792590000000473,
      "iterations": 20
    },
    "proof.deep_tensor": {
      "mean": 0.9076403999999997,
      "min": 0.7379750000000058,
      "max": 1.674022999999977,
      "p50": 0.8391909999999712,
      "p95": 1.674022999999977,
      "p99": 1.674022999999977,
      "iterations": 20
    },
    "proof.many_with": {
      "mean": 0.7013617000000011,
      "min": 0.573268999999982,
      "max": 1.0673740000000294,
      "p50": 0.6309219999999982,
      "p95": 1.0673740000000294,
      "p99": 1.0673740000000294,
      "iterations": 20
    },
    "mgu.atom_same": {
      "mean": 0.006629950000001372,
      "min": 0.001439000000004853,
      "max": 0.06272599999999784,
      "p50": 0.0016050000000404907,
      "p95": 0.06272599999999784,
      "p99": 0.06272599999999784,
      "iterations": 20
    },
    "mgu.tensor_simple": {
      "mean": 0.00841205000000116,
      "min": 0.003895999999997457,
      "max": 0.045860000000004675,
      "p50": 0.0042680000000245855,
      "p95": 0.045860000000004675,
      "p99": 0.045860000000004675,
      "iterations": 20
    },
    "mgu.tensor_var": {
      "mean": 0.013736300000002189,
      "min": 0.010102999999958229,
      "max": 0.051424999999994725,
      "p50": 0.01110900000003312,
      "p95": 0.051424999999994725,
      "p99": 0.051424999999994725,
      "iterations": 20
    },
    "mgu.nested_tensor": {
      "mean": 0.00970329999999251,
      "min": 0.006959000000051674,
      "max": 0.03569399999997813,
      "p50": 0.007731999999975869,
      "p95": 0.03569399999997813,
      "p99": 0.03569399999997813,
      "iterations": 20
    },
    "mgu.loli_simple": {
      "mean": 0.00968650000000082,
      "min": 0.00661400000001322,
      "max": 0.04898800000000847,
      "p50": 0.006776000000002114,
      "p95": 0.04898800000000847,
      "p99": 0.04898800000000847,
      "iterations": 20
    },
    "mgu.loli_var": {
      "mean": 0.019251799999989317,
      "min": 0.0140920000000051,
      "max": 0.06370299999991857,
      "p50": 0.015224999999986721,
      "p95": 0.06370299999991857,
      "p99": 0.06370299999991857,
      "iterations": 20
    },
    "mgu.complex": {
      "mean": 0.051201250000013944,
      "min": 0.04300599999999122,
      "max": 0.09499100000005001,
      "p50": 0.046820000000025175,
      "p95": 0.09499100000005001,
      "p99": 0.09499100000005001,
      "iterations": 20
    },
    "mgu.fail_atom": {
      "mean": 0.009246949999982235,
      "min": 0.004161999999951149,
      "max": 0.053740999999945416,
      "p50": 0.00437499999998181,
      "p95": 0.053740999999945416,
      "p99": 0.053740999999945416,
      "iterations": 20
    }
  }
}